ID,Question Name,Acceptance,Difficulty,URL
1,Two Sum,43.0%,Easy,https://leetcode.com/problems/two-sum
2,Add Two Numbers,30.9%,Medium,https://leetcode.com/problems/add-two-numbers
3,Longest Substring Without Repeating Characters,28.1%,Medium,https://leetcode.com/problems/longest-substring-without-repeating-characters
4,Median of Two Sorted Arrays,25.9%,Hard,https://leetcode.com/problems/median-of-two-sorted-arrays
5,Longest Palindromic Substring,26.9%,Medium,https://leetcode.com/problems/longest-palindromic-substring
10,Regular Expression Matching,25.1%,Hard,https://leetcode.com/problems/regular-expression-matching
11,Container With Most Water,43.5%,Medium,https://leetcode.com/problems/container-with-most-water
15,3Sum,23.7%,Medium,https://leetcode.com/problems/3sum
17,Letter Combinations of a Phone Number,40.9%,Medium,https://leetcode.com/problems/letter-combinations-of-a-phone-number
19,Remove Nth Node From End of List,34.1%,Medium,https://leetcode.com/problems/remove-nth-node-from-end-of-list
20,Valid Parentheses,36.2%,Easy,https://leetcode.com/problems/valid-parentheses
21,Merge Two Sorted Lists,46.5%,Easy,https://leetcode.com/problems/merge-two-sorted-lists
22,Generate Parentheses,54.0%,Medium,https://leetcode.com/problems/generate-parentheses
23,Merge k Sorted Lists,33.7%,Hard,https://leetcode.com/problems/merge-k-sorted-lists
31,Next Permutation,30.2%,Medium,https://leetcode.com/problems/next-permutation
32,Longest Valid Parentheses,25.2%,Hard,https://leetcode.com/problems/longest-valid-parentheses
33,Search in Rotated Sorted Array,32.8%,Medium,https://leetcode.com/problems/search-in-rotated-sorted-array
34,Find First and Last Position of Element in Sorted Array,33.2%,Medium,https://leetcode.com/problems/find-first-and-last-position-of-element-in-sorted-array
39,Combination Sum,47.5%,Medium,https://leetcode.com/problems/combination-sum
42,Trapping Rain Water,42.5%,Hard,https://leetcode.com/problems/trapping-rain-water
46,Permutations,54.2%,Medium,https://leetcode.com/problems/permutations
48,Rotate Image,47.6%,Medium,https://leetcode.com/problems/rotate-image
49,Group Anagrams,45.7%,Medium,https://leetcode.com/problems/group-anagrams
53,Maximum Subarray,43.2%,Easy,https://leetcode.com/problems/maximum-subarray
55,Jump Game,31.6%,Medium,https://leetcode.com/problems/jump-game
56,Merge Intervals,35.2%,Medium,https://leetcode.com/problems/merge-intervals
62,Unique Paths,46.9%,Medium,https://leetcode.com/problems/unique-paths
64,Minimum Path Sum,46.2%,Medium,https://leetcode.com/problems/minimum-path-sum
70,Climbing Stairs,43.8%,Easy,https://leetcode.com/problems/climbing-stairs
72,Edit Distance,37.0%,Hard,https://leetcode.com/problems/edit-distance
75,Sort Colors,41.7%,Medium,https://leetcode.com/problems/sort-colors
76,Minimum Window Substring,30.3%,Hard,https://leetcode.com/problems/minimum-window-substring
78,Subsets,51.8%,Medium,https://leetcode.com/problems/subsets
79,Word Search,30.8%,Medium,https://leetcode.com/problems/word-search
84,Largest Rectangle in Histogram,30.6%,Hard,https://leetcode.com/problems/largest-rectangle-in-histogram
85,Maximal Rectangle,32.8%,Hard,https://leetcode.com/problems/maximal-rectangle
94,Binary Tree Inorder Traversal,55.8%,Medium,https://leetcode.com/problems/binary-tree-inorder-traversal
96,Unique Binary Search Trees,45.6%,Medium,https://leetcode.com/problems/unique-binary-search-trees
98,Validate Binary Search Tree,25.5%,Medium,https://leetcode.com/problems/validate-binary-search-tree
101,Symmetric Tree,43.1%,Easy,https://leetcode.com/problems/symmetric-tree
102,Binary Tree Level Order Traversal,47.7%,Medium,https://leetcode.com/problems/binary-tree-level-order-traversal
104,Maximum Depth of Binary Tree,59.8%,Easy,https://leetcode.com/problems/maximum-depth-of-binary-tree
105,Construct Binary Tree from Preorder and Inorder Traversal,40.2%,Medium,https://leetcode.com/problems/construct-binary-tree-from-preorder-and-inorder-traversal
114,Flatten Binary Tree to Linked List,41.7%,Medium,https://leetcode.com/problems/flatten-binary-tree-to-linked-list
121,Best Time to Buy and Sell Stock,46.7%,Easy,https://leetcode.com/problems/best-time-to-buy-and-sell-stock
124,Binary Tree Maximum Path Sum,29.6%,Hard,https://leetcode.com/problems/binary-tree-maximum-path-sum
128,Longest Consecutive Sequence,41.2%,Hard,https://leetcode.com/problems/longest-consecutive-sequence
136,Single Number,59.5%,Easy,https://leetcode.com/problems/single-number
139,Word Break,34.8%,Medium,https://leetcode.com/problems/word-break
141,Linked List Cycle,36.3%,Easy,https://leetcode.com/problems/linked-list-cycle
142,Linked List Cycle II,31.4%,Medium,https://leetcode.com/problems/linked-list-cycle-ii
146,LRU Cache,24.7%,Hard,https://leetcode.com/problems/lru-cache
148,Sort List,34.5%,Medium,https://leetcode.com/problems/sort-list
152,Maximum Product Subarray,28.8%,Medium,https://leetcode.com/problems/maximum-product-subarray
155,Min Stack,36.3%,Easy,https://leetcode.com/problems/min-stack
160,Intersection of Two Linked Lists,33.0%,Easy,https://leetcode.com/problems/intersection-of-two-linked-lists
169,Majority Element,52.0%,Easy,https://leetcode.com/problems/majority-element
198,House Robber,40.9%,Easy,https://leetcode.com/problems/house-robber
200,Number of Islands,40.9%,Medium,https://leetcode.com/problems/number-of-islands
206,Reverse Linked List,53.6%,Easy,https://leetcode.com/problems/reverse-linked-list
207,Course Schedule,37.2%,Medium,https://leetcode.com/problems/course-schedule
208,Implement Trie (Prefix Tree),37.5%,Medium,https://leetcode.com/problems/implement-trie-prefix-tree
215,Kth Largest Element in an Array,46.8%,Medium,https://leetcode.com/problems/kth-largest-element-in-an-array
221,Maximal Square,32.6%,Medium,https://leetcode.com/problems/maximal-square
226,Invert Binary Tree,57.6%,Easy,https://leetcode.com/problems/invert-binary-tree
234,Palindrome Linked List,35.6%,Easy,https://leetcode.com/problems/palindrome-linked-list
236,Lowest Common Ancestor of a Binary Tree,36.3%,Medium,https://leetcode.com/problems/lowest-common-ancestor-of-a-binary-tree
238,Product of Array Except Self,54.4%,Medium,https://leetcode.com/problems/product-of-array-except-self
239,Sliding Window Maximum,37.6%,Hard,https://leetcode.com/problems/sliding-window-maximum
240,Search a 2D Matrix II,40.5%,Medium,https://leetcode.com/problems/search-a-2d-matrix-ii
253,Meeting Rooms II,42.6%,Medium,https://leetcode.com/problems/meeting-rooms-ii
279,Perfect Squares,41.4%,Medium,https://leetcode.com/problems/perfect-squares
283,Move Zeroes,53.9%,Easy,https://leetcode.com/problems/move-zeroes
287,Find the Duplicate Number,48.9%,Medium,https://leetcode.com/problems/find-the-duplicate-number
297,Serialize and Deserialize Binary Tree,40.0%,Hard,https://leetcode.com/problems/serialize-and-deserialize-binary-tree
300,Longest Increasing Subsequence,40.5%,Medium,https://leetcode.com/problems/longest-increasing-subsequence
301,Remove Invalid Parentheses,38.8%,Hard,https://leetcode.com/problems/remove-invalid-parentheses
309,Best Time to Buy and Sell Stock with Cooldown,43.7%,Medium,https://leetcode.com/problems/best-time-to-buy-and-sell-stock-with-cooldown
312,Burst Balloons,46.6%,Hard,https://leetcode.com/problems/burst-balloons
322,Coin Change,29.7%,Medium,https://leetcode.com/problems/coin-change
337,House Robber III,47.6%,Medium,https://leetcode.com/problems/house-robber-iii
338,Counting Bits,64.3%,Medium,https://leetcode.com/problems/counting-bits
347,Top K Frequent Elements,54.1%,Medium,https://leetcode.com/problems/top-k-frequent-elements
394,Decode String,44.3%,Medium,https://leetcode.com/problems/decode-string
406,Queue Reconstruction by Height,59.3%,Medium,https://leetcode.com/problems/queue-reconstruction-by-height
416,Partition Equal Subset Sum,40.2%,Medium,https://leetcode.com/problems/partition-equal-subset-sum
437,Path Sum III,42.3%,Easy,https://leetcode.com/problems/path-sum-iii
438,Find All Anagrams in a String,36.8%,Easy,https://leetcode.com/problems/find-all-anagrams-in-a-string
448,Find All Numbers Disappeared in an Array,53.0%,Easy,https://leetcode.com/problems/find-all-numbers-disappeared-in-an-array
461,Hamming Distance,70.2%,Easy,https://leetcode.com/problems/hamming-distance
494,Target Sum,45.0%,Medium,https://leetcode.com/problems/target-sum
538,Convert BST to Greater Tree,50.4%,Easy,https://leetcode.com/problems/convert-bst-to-greater-tree
543,Diameter of Binary Tree,46.4%,Easy,https://leetcode.com/problems/diameter-of-binary-tree
560,Subarray Sum Equals K,41.9%,Medium,https://leetcode.com/problems/subarray-sum-equals-k
572,Subtree of Another Tree,41.5%,Easy,https://leetcode.com/problems/subtree-of-another-tree
581,Shortest Unsorted Continuous Subarray,29.8%,Easy,https://leetcode.com/problems/shortest-unsorted-continuous-subarray
617,Merge Two Binary Trees,69.6%,Easy,https://leetcode.com/problems/merge-two-binary-trees
621,Task Scheduler,45.0%,Medium,https://leetcode.com/problems/task-scheduler
647,Palindromic Substrings,56.4%,Medium,https://leetcode.com/problems/palindromic-substrings
771,Jewels and Stones,82.9%,Easy,https://leetcode.com/problems/jewels-and-stones
